Phase,Actual_Win_Rate,Model_Prob,Market_Prob,Model_Cal_Error,Market_Cal_Error,Model_Market_Diff,Default_Accuracy,Optimal_Accuracy,Accuracy_Gain,Sample_Count
Overall,0.4942703067071116,0.49388651483260676,0.4878008351101635,0.0003837918745048241,0.0064694715969481065,0.006085679722443282,0.7344118638355241,0.7382878328277721,0.003875968992247958,5934
Powerplay,0.5009596928982726,0.5420145850017618,0.48042006726457404,0.04105489210348923,0.020539625633698544,0.06159451773718777,0.6924184261036468,0.6789827255278311,-0.013435700575815668,2084
Middle,0.5031847133757962,0.48482501546943535,0.5107181715998501,0.018359697906360828,0.007533458224053935,-0.025893156130414763,0.7411015361558636,0.7549644061446235,0.013862869988759852,2669
Death,0.4623200677392041,0.429437948844279,0.4469505531914893,0.032882118894925094,0.015369514547714791,-0.017512604347210303,0.7933954276037256,0.8052497883149873,0.011854360711261669,1181
