Phase,Avg_Prob_0.35,Actual_Rate_0.35,Cal_Error_0.35,Avg_Prob_0.5,Actual_Rate_0.5,Cal_Error_0.5,Market_Prob_0.35,Market_Cal_Error_0.35,Market_Prob_0.5,Market_Cal_Error_0.5,Cal_Error_Diff,Market_Model_Diff_0.35,Count_0.35,Count_0.5
Overall,0.6904595974767197,0.7029137879243016,0.012454190447581892,0.7247725706409373,0.7312198483804273,0.006447277739490054,0.6731710070558051,0.029742780868496466,0.6948762687112084,0.03634357966921886,-0.006006912708091838,0.017288590420914574,3329,2902
Powerplay,0.6633929849677881,0.6220472440944882,0.0413457408732999,0.6985762144053601,0.6557788944723618,0.04279731993299829,0.58854572147651,0.03350152261797823,0.6051286403085824,0.05065025416377944,0.0014515790596983935,-0.007844218255321667,1397,1194
Middle,0.7053405017921147,0.7419354838709677,0.03659498207885303,0.7377128953771289,0.7680454176804542,0.030332522303325282,0.7188458781362007,0.023089605734767038,0.7482372262773723,0.019808191403081876,-0.006262459775527751,-0.013505376344085995,1395,1233
Death,0.7222160148975793,0.8119180633147114,0.08970204841713214,0.7570315789473684,0.8252631578947368,0.06823157894736842,0.7431463276836158,0.06877173563109562,0.7530302771855011,0.07223288070923573,-0.02147046946976372,-0.02093031278603652,537,475
