Phase,Model_Avg,Market_Avg,Actual_Win_Rate,Total_Bets,Value_Opportunities,Value_Success_Rate,Avg_Value_Diff,PnL
Overall,0.6904595974767197,0.6731710070558051,0.7029137879243016,3329,1699,0.6115361977633902,0.15602966450853445,0.22307239552678038
Powerplay,0.6633929849677881,0.58854572147651,0.6220472440944882,1397,791,0.5752212389380531,0.18202857142857143,0.1504424778761062
Middle,0.7053405017921147,0.7188458781362007,0.7419354838709677,1395,647,0.598145285935085,0.13056244204018547,0.19629057187016996
Death,0.7222160148975793,0.7431463276836158,0.8119180633147114,537,261,0.7547892720306514,0.14036743295019158,0.5095785440613028
