Phase,Model_Avg,Market_Avg,Actual_Win_Rate,Total_Bets,Value_Opportunities,Value_Success_Rate,Avg_Value_Diff,PnL
Overall,0.6555801547079221,0.6427024459613196,0.6596425713523606,3749,1871,0.5676109032602886,0.16230673436664883,0.13522180652057725
Powerplay,0.6308998732572877,0.5571502590673575,0.582382762991128,1578,882,0.5340136054421769,0.18452505668934238,0.06802721088435382
Middle,0.6669620253164557,0.6883570886075948,0.6955696202531646,1580,708,0.5536723163841808,0.1420036723163842,0.10734463276836159
Death,0.6910490693739424,0.7169702564102565,0.7698815566835872,591,281,0.708185053380783,0.14372313167259787,0.41637010676156594
